{"cameraMode":{"drawMode":0,"name":"Shaded","section":"Shading Mode"},"sceneLighting":true,"audioPlay":false,"sceneViewState":{"showFog":true,"showMaterialUpdate":false,"showSkybox":true,"showFlares":true,"showImageEffects":true,"showParticleSystems":true},"in2DMode":false,"pivot":{"x":0.20349521934986115,"y":0.2709524631500244,"z":-0.7024493217468262},"rotation":{"x":-0.06014081463217735,"y":0.9123993515968323,"z":-0.14519274234771729,"w":-0.3779280483722687},"size":7.965259552001953,"orthographic":false}